[
  {
    "id": "p1",
    "title": "Premium Yoga Mat",
    "category": "fitness",
    "price": 1299,
    "desc": "Grip-rich yoga mat with cushioning.",
    "image": "/assets/products/yoga-mat.png"
  },
  {
    "id": "p2",
    "title": "Dumbbell Set (5-15kg)",
    "category": "fitness",
    "price": 3499,
    "desc": "Adjustable dumbbells for strength training.",
    "image": "/assets/products/dumbbells.png"
  },
  {
    "id": "p3",
    "title": "Whey Protein 2kg",
    "category": "supplement",
    "price": 2999,
    "desc": "High-quality whey protein for muscle recovery.",
    "image": "/assets/products/whey.png"
  },
  {
    "id": "p4",
    "title": "Healthy Meal Plan (7 days)",
    "category": "meal",
    "price": 799,
    "desc": "Chef-curated meal plan for students.",
    "image": "/assets/products/meal-plan.png"
  },
  {
    "id": "p5",
    "title": "Meditation App Subscription (3 months)",
    "category": "wellness",
    "price": 499,
    "desc": "Guided meditations for stress relief.",
    "image": "/assets/products/meditation.png"
  },
  {
    "id": "p6",
    "title": "Fitness Band (Steps + Heart)",
    "category": "wearable",
    "price": 1999,
    "desc": "Track activity and sleep with style.",
    "image": "/assets/products/fitness-band.png"
  }
]